IHALL02501_IHALL02401,IHALL02501,IHALL02401
IHALL00103_IHALL00203,IHALL00103,IHALL00203
IHALL02901_ILAB00401,IHALL02901,ILAB00401
IHALL01201_IKIOS00101,IHALL01201,IKIOS00101
IDEPT00403_IHALL00603,IDEPT00403,IHALL00603
IHALL01103_IELEV00103,IHALL01103,IELEV00103
IHALL00205_IHALL00105,IHALL00205,IHALL00105
IHALL01205_IHALL01405,IHALL01205,IHALL01405
IHALL02504_IHALL02404,IHALL02504,IHALL02404
IHALL02505_IHALL02405,IHALL02505,IHALL02405
IHALL03005_ICONF00505,IHALL03005,ICONF00505
ICONF00205_IHALL01005,ICONF00205,IHALL01005
IHALL03001_IDEPT01001,IHALL03001,IDEPT01001
ISERV00402_IHALL00502,ISERV00402,IHALL00502
ISTAI00301_ISTAI00202,ISTAI00301,ISTAI00202
IDEPT01604_IHALL01804,IDEPT01604,IHALL01804
IDEPT02504_IHALL00904,IDEPT02504,IHALL00904
IHALL01101_IELEV00101,IHALL01101,IELEV00101
IPARK02201_IWALK00101,IPARK02201,IWALK00101
IPARK01101_IWALK01201,IPARK01101,IWALK01201
IHALL01103_IREST00103,IHALL01103,IREST00103
IHALL01302_IHALL01402,IHALL01302,IHALL01402
IHALL01303_IHALL01403,IHALL01303,IHALL01403
IHALL01304_IHALL01404,IHALL01304,IHALL01404
IHALL03604_IHALL03704,IHALL03604,IHALL03704
IELEV00104_IHALL01204,IELEV00104,IHALL01204
IHALL01705_IDEPT00605,IHALL01705,IDEPT00605
IHALL01202_IHALL02602,IHALL01202,IHALL02602
IHALL02704_ISERV00404,IHALL02704,ISERV00404
ISTAI00205_ISTAI00204,ISTAI00205,ISTAI00204
IHALL01701_IHALL02101,IHALL01701,IHALL02101
IHALL01502_IDEPT00802,IHALL01502,IDEPT00802
IDEPT00902_IHALL01402,IDEPT00902,IHALL01402
IHALL01501_IDEPT00801,IHALL01501,IDEPT00801
IELEV00102_IHALL02402,IELEV00102,IHALL02402
ISTAI00103_ISTAI00304,ISTAI00103,ISTAI00304
ISTAI00203_ISTAI00202,ISTAI00203,ISTAI00202
IREST00303_IHALL02103,IREST00303,IHALL02103
IDEPT00305_IHALL00905,IDEPT00305,IHALL00905
IDEPT00904_IHALL02604,IDEPT00904,IHALL02604
IDEPT00503_IHALL00703,IDEPT00503,IHALL00703
IPARK02301_IWALK00101,IPARK02301,IWALK00101
IPARK01201_IWALK01201,IPARK01201,IWALK01201
IWALK00301_IWALK00201,IWALK00301,IWALK00201
IELEV00105_IHALL01305,IELEV00105,IHALL01305
IHALL01304_IHALL01104,IHALL01304,IHALL01104
IHALL03104_IDEPT01104,IHALL03104,IDEPT01104
IHALL02304_IHALL02404,IHALL02304,IHALL02404
IHALL02301_IHALL02401,IHALL02301,IHALL02401
IHALL02302_IHALL02402,IHALL02302,IHALL02402
IHALL00602_IDEPT00602,IHALL00602,IDEPT00602
IHALL00801_IHALL00901,IHALL00801,IHALL00901
IHALL02305_IHALL02405,IHALL02305,IHALL02405
IHALL00903_IHALL00803,IHALL00903,IHALL00803
BadSol24_BadSol24,BadSol24,BadSol24
IHALL03404_ICONF00304,IHALL03404,ICONF00304
BadSol25_BadSol25,BadSol25,BadSol25
IHALL00805_IHALL00905,IHALL00805,IHALL00905
BadSol26_BadSol26,BadSol26,BadSol26
IHALL01304_ICONF00104,IHALL01304,ICONF00104
BadSol27_BadSol27,BadSol27,BadSol27
IHALL00804_IHALL00904,IHALL00804,IHALL00904
BadSol20_BadSol20,BadSol20,BadSol20
IWALK00701_IWALK01101,IWALK00701,IWALK01101
ISERV00904_IHALL03204,ISERV00904,IHALL03204
BadSol23_BadSol23,BadSol23,BadSol23
ISTAI00203_ISTAI00504,ISTAI00203,ISTAI00504
IHALL03001_IHALL02801,IHALL03001,IHALL02801
ISTAI00201_IHALL03101,ISTAI00201,IHALL03101
IHALL02002_IDEPT01102,IHALL02002,IDEPT01102
ISERV00301_IHALL02701,ISERV00301,IHALL02701
ISERV00302_IHALL00402,ISERV00302,IHALL00402
IHALL01104_IHALL00104,IHALL01104,IHALL00104
IHALL01801_IDEPT00601,IHALL01801,IDEPT00601
BadSol17_BadSol17,BadSol17,BadSol17
BadSol19_BadSol19,BadSol19,BadSol19
IHALL01101_IHALL01201,IHALL01101,IHALL01201
IPARK02001_IWALK00101,IPARK02001,IWALK00101
IHALL01303_IHALL01203,IHALL01303,IHALL01203
IDEPT01204_IHALL03104,IDEPT01204,IHALL03104
IHALL01301_IHALL01201,IHALL01301,IHALL01201
ISERV00102_IHALL01602,ISERV00102,IHALL01602
IHALL01301_IKIOS00101,IHALL01301,IKIOS00101
IELEV00302_IHALL01202,IELEV00302,IHALL01202
IHALL01305_IHALL01205,IHALL01305,IHALL01205
IHALL03604_IHALL03504,IHALL03604,IHALL03504
IDEPT00705_IHALL01805,IDEPT00705,IHALL01805
BadSol13_BadSol13,BadSol13,BadSol13
BadSol14_BadSol14,BadSol14,BadSol14
BadSol15_BadSol15,BadSol15,BadSol15
BadSol16_BadSol16,BadSol16,BadSol16
IWALK01001_IWALK00901,IWALK01001,IWALK00901
BadSol10_BadSol10,BadSol10,BadSol10
BadSol11_BadSol11,BadSol11,BadSol11
BadSol12_BadSol12,BadSol12,BadSol12
IHALL01203_IHALL00103,IHALL01203,IHALL00103
ISTAI00305_ISTAI00304,ISTAI00305,ISTAI00304
IDEPT02005_IHALL03505,IDEPT02005,IHALL03505
IHALL03004_IHALL02904,IHALL03004,IHALL02904
IHALL02102_IREST00102,IHALL02102,IREST00102
ISERV00603_IHALL02303,ISERV00603,IHALL02303
IHALL01205_IHALL00105,IHALL01205,IHALL00105
ISTAI00102_IHALL01002,ISTAI00102,IHALL01002
IDEPT00901_IHALL01601,IDEPT00901,IHALL01601
IHALL03005_IHALL02905,IHALL03005,IHALL02905
ISTAI00201_ISTAI00404,ISTAI00201,ISTAI00404
IHALL00205_ICONF00105,IHALL00205,ICONF00105
IDEPT00603_IHALL00803,IDEPT00603,IHALL00803
IDEPT00702_IHALL00702,IDEPT00702,IHALL00702
IPARK02101_IWALK00101,IPARK02101,IWALK00101
IPARK01001_IWALK01201,IPARK01001,IWALK01201
IWALK00301_IWALK00401,IWALK00301,IWALK00401
IWALK01001_IWALK01301,IWALK01001,IWALK01301
IHALL02304_IHALL02204,IHALL02304,IHALL02204
IHALL02305_IHALL02205,IHALL02305,IHALL02205
IELEV00105_IELEV00104,IELEV00105,IELEV00104
IHALL01003_IHALL01203,IHALL01003,IHALL01203
IHALL01102_IDEPT01002,IHALL01102,IDEPT01002
IHALL02302_IHALL02202,IHALL02302,IHALL02202
IDEPT00101_IHALL02001,IDEPT00101,IHALL02001
IHALL02203_IHALL02303,IHALL02203,IHALL02303
IELEV00103_IELEV00102,IELEV00103,IELEV00102
IDEPT00501_IHALL00901,IDEPT00501,IHALL00901
IELEV00103_IELEV00104,IELEV00103,IELEV00104
IHALL00802_IHALL00702,IHALL00802,IHALL00702
IELEV00101_IELEV00102,IELEV00101,IELEV00102
IHALL00801_IHALL00701,IHALL00801,IHALL00701
IHALL00804_IHALL00704,IHALL00804,IHALL00704
IHALL00703_IHALL00803,IHALL00703,IHALL00803
IHALL00805_IHALL00705,IHALL00805,IHALL00705
IHALL01703_ISERV00703,IHALL01703,ISERV00703
IHALL03005_IHALL02605,IHALL03005,IHALL02605
IHALL01301_IEXIT00101,IHALL01301,IEXIT00101
ISTAI00205_IHALL03305,ISTAI00205,IHALL03305
IHALL03404_IHALL03504,IHALL03404,IHALL03504
IHALL01104_IHALL01204,IHALL01104,IHALL01204
IHALL03204_IDEPT01304,IHALL03204,IDEPT01304
IHALL01105_IHALL01205,IHALL01105,IHALL01205
IHALL01102_IHALL01202,IHALL01102,IHALL01202
IHALL00702_IHALL00902,IHALL00702,IHALL00902
IHALL02105_ILAB00105,IHALL02105,ILAB00105
IPARK03001_IWALK00101,IPARK03001,IWALK00101
IHALL01905_IDEPT00805,IHALL01905,IDEPT00805
ISTAI00405_ISTAI00404,ISTAI00405,ISTAI00404
BadSol9_BadSol9,BadSol9,BadSol9
BadSol8_BadSol8,BadSol8,BadSol8
PHALL00101_ISERV00201,PHALL00101,ISERV00201
IDEPT02004_IHALL01404,IDEPT02004,IHALL01404
ISTAI00105_IHALL03505,ISTAI00105,IHALL03505
IWALK00801_IWALK00901,IWALK00801,IWALK00901
ISTAI00203_IHALL01103,ISTAI00203,IHALL01103
BadSol1_BadSol1,BadSol1,BadSol1
IHALL02301_IHALL02201,IHALL02301,IHALL02201
ISERV00704_IHALL02804,ISERV00704,IHALL02804
BadSol4_BadSol1,BadSol4,BadSol1
IHALL02105_IHALL02205,IHALL02105,IHALL02205
IELEV00203_IELEV00204,IELEV00203,IELEV00204
IDEPT00301_IHALL02001,IDEPT00301,IHALL02001
IHALL02103_IHALL02203,IHALL02103,IHALL02203
IELEV00205_IELEV00204,IELEV00205,IELEV00204
IHALL02104_IHALL02204,IHALL02104,IHALL02204
IELEV00201_IELEV00202,IELEV00201,IELEV00202
IHALL00601_IHALL00701,IHALL00601,IHALL00701
IELEV00203_IELEV00202,IELEV00203,IELEV00202
IHALL01201_IRETL00101,IHALL01201,IRETL00101
IHALL00703_IHALL00603,IHALL00703,IHALL00603
IHALL01901_IHALL01701,IHALL01901,IHALL01701
IHALL00602_IHALL00702,IHALL00602,IHALL00702
IHALL00204_IDEPT02104,IHALL00204,IDEPT02104
ISTAI00305_IHALL02205,ISTAI00305,IHALL02205
IHALL00605_IHALL00705,IHALL00605,IHALL00705
IHALL00604_IHALL00704,IHALL00604,IHALL00704
IHALL02401_ISTAI00101,IHALL02401,ISTAI00101
IDEPT01202_IHALL02302,IDEPT01202,IHALL02302
IELEV00203_IHALL02003,IELEV00203,IHALL02003
IREST00201_IHALL00801,IREST00201,IHALL00801
IHALL02205_IDEPT01305,IHALL02205,IDEPT01305
IELEV00204_IHALL02004,IELEV00204,IHALL02004
IHALL00601_IHALL01801,IHALL00601,IHALL01801
IWALK01101_BadSol5,IWALK01101,BadSol5
ISTAI00301_IHALL01101,ISTAI00301,IHALL01101
IHALL02003_IHALL02203,IHALL02003,IHALL02203
IWALK01201_IWALK01301,IWALK01201,IWALK01301
ISTAI00404_IHALL03304,ISTAI00404,IHALL03304
IHALL01105_IHALL01005,IHALL01105,IHALL01005
IHALL03405_IHALL03305,IHALL03405,IHALL03305
IHALL01803_ISERV00303,IHALL01803,ISERV00303
IDEPT01404_IHALL03304,IDEPT01404,IHALL03304
IHALL01003_IHALL01103,IHALL01003,IHALL01103
IDEPT01605_IHALL03105,IDEPT01605,IHALL03105
IHALL01104_IHALL01004,IHALL01104,IHALL01004
IHALL01902_IHALL01802,IHALL01902,IHALL01802
IHALL01905_IHALL01805,IHALL01905,IHALL01805
IHALL01803_IHALL01903,IHALL01803,IHALL01903
IHALL01904_IHALL01804,IHALL01904,IHALL01804
ISTAI00202_IHALL02402,ISTAI00202,IHALL02402
ISTAI00505_ISTAI00504,ISTAI00505,ISTAI00504
IHALL03404_IHALL02104,IHALL03404,IHALL02104
IELEV00303_IHALL02003,IELEV00303,IHALL02003
IELEV00304_IHALL02004,IELEV00304,IHALL02004
IWALK01201_BadSol9,IWALK01201,BadSol9
IWALK01201_BadSol8,IWALK01201,BadSol8
IHALL02101_IHALL02201,IHALL02101,IHALL02201
IHALL02102_IHALL02202,IHALL02102,IHALL02202
IWALK00101_IWALK00201,IWALK00101,IWALK00201
ISERV00504_IHALL02804,ISERV00504,IHALL02804
IDEPT00102_IHALL00102,IDEPT00102,IHALL00102
IRETL00101_IKIOS00101,IRETL00101,IKIOS00101
IHALL02104_IHALL02004,IHALL02104,IHALL02004
IELEV00303_IELEV00304,IELEV00303,IELEV00304
IHALL02105_IHALL02005,IHALL02105,IHALL02005
IHALL00602_IHALL00502,IHALL00602,IHALL00502
IELEV00301_IELEV00302,IELEV00301,IELEV00302
IHALL00601_IHALL00501,IHALL00601,IHALL00501
IDEPT02204_IHALL00304,IDEPT02204,IHALL00304
IHALL00604_IHALL00504,IHALL00604,IHALL00504
IHALL02901_IHALL02801,IHALL02901,IHALL02801
IHALL00503_IHALL00603,IHALL00503,IHALL00603
IHALL00605_IHALL00505,IHALL00605,IHALL00505
IHALL02904_IHALL02804,IHALL02904,IHALL02804
IHALL02905_IHALL02805,IHALL02905,IHALL02805
IHALL03404_ISERV00104,IHALL03404,ISERV00104
BadSol3_IWALK00101,BadSol3,IWALK00101
IPARK01901_IWALK00101,IPARK01901,IWALK00101
IPARK00801_IWALK01201,IPARK00801,IWALK01201
ISERV00304_IHALL02104,ISERV00304,IHALL02104
ISERV00101_IHALL02301,ISERV00101,IHALL02301
IHALL01303_IDEPT00103,IHALL01303,IDEPT00103
ISTAI00204_IHALL03704,ISTAI00204,IHALL03704
IREST00205_IHALL02905,IREST00205,IHALL02905
ISTAI00401_IHALL01201,ISTAI00401,IHALL01201
IEXIT00101_IWALK01001,IEXIT00101,IWALK01001
IHALL03205_IHALL03305,IHALL03205,IHALL03305
IHALL03204_IHALL03304,IHALL03204,IHALL03304
IHALL01301_IRETL00101,IHALL01301,IRETL00101
IHALL01702_IHALL01802,IHALL01702,IHALL01802
IHALL01703_IHALL01803,IHALL01703,IHALL01803
IDEPT01005_IHALL01605,IDEPT01005,IHALL01605
IHALL01701_IHALL01801,IHALL01701,IHALL01801
IHALL01704_IHALL01804,IHALL01704,IHALL01804
IHALL01705_IHALL01805,IHALL01705,IHALL01805
PHALL00101_IHALL00201,PHALL00101,IHALL00201
IHALL00802_IELEV00202,IHALL00802,IELEV00202
IWALK01201_IPARK00901,IWALK01201,IPARK00901
ISERV00203_IHALL02103,ISERV00203,IHALL02103
ISERV00103_IHALL02203,ISERV00103,IHALL02203
IHALL01401_IHALL00901,IHALL01401,IHALL00901
ILAB00301_IHALL02201,ILAB00301,IHALL02201
ISTAI00504_IHALL01204,ISTAI00504,IHALL01204
ISTAI00104_IHALL03904,ISTAI00104,IHALL03904
IWALK00701_IWALK00601,IWALK00701,IWALK00601
IHALL02102_IHALL02002,IHALL02102,IHALL02002
BadSol1_IEXIT00201,BadSol1,IEXIT00201
IHALL00202_IDEPT00202,IHALL00202,IDEPT00202
IHALL00401_IHALL00501,IHALL00401,IHALL00501
IPARK02801_IWALK00101,IPARK02801,IWALK00101
IHALL03205_IDEPT01805,IHALL03205,IDEPT01805
BadSol13_IWALK01201,BadSol13,IWALK01201
IHALL00503_IHALL00403,IHALL00503,IHALL00403
BadSol14_IWALK01201,BadSol14,IWALK01201
BadSol15_IWALK01201,BadSol15,IWALK01201
IREST00203_IHALL01503,IREST00203,IHALL01503
IHALL00402_IHALL00502,IHALL00402,IHALL00502
BadSol16_IWALK01201,BadSol16,IWALK01201
IHALL02704_IHALL02804,IHALL02704,IHALL02804
IHALL02701_IHALL02801,IHALL02701,IHALL02801
IHALL00405_IHALL00505,IHALL00405,IHALL00505
BadSol10_IWALK01201,BadSol10,IWALK01201
BadSol11_IWALK01201,BadSol11,IWALK01201
BadSol12_IWALK01201,BadSol12,IWALK01201
IHALL00404_IHALL00504,IHALL00404,IHALL00504
BadSol17_IWALK01201,BadSol17,IWALK01201
BadSol18_IWALK01201,BadSol18,IWALK01201
BadSol19_IWALK01201,BadSol19,IWALK01201
IHALL02701_IHALL01601,IHALL02701,IHALL01601
IWALK01201_IPARK00601,IWALK01201,IPARK00601
IWALK00101_IPARK01701,IWALK00101,IPARK01701
IREST00104_IHALL00504,IREST00104,IHALL00504
IDEPT00104_IHALL03804,IDEPT00104,IHALL03804
IHALL03604_IDEPT00304,IHALL03604,IDEPT00304
IDEPT01004_IHALL02904,IDEPT01004,IHALL02904
IHALL03504_IDEPT00404,IHALL03504,IDEPT00404
IHALL01102_IHALL00902,IHALL01102,IHALL00902
IREST00202_IHALL02702,IREST00202,IHALL02702
ISTAI00505_IHALL01305,ISTAI00505,IHALL01305
IREST00105_IHALL00505,IREST00105,IHALL00505
IHALL03004_IHALL03104,IHALL03004,IHALL03104
IWALK01101_IEXIT00201,IWALK01101,IEXIT00201
IHALL03001_IHALL03101,IHALL03001,IHALL03101
IWALK00101_IPARK02901,IWALK00101,IPARK02901
BadSol30_IWALK01201,BadSol30,IWALK01201
IHALL03205_IHALL03105,IHALL03205,IHALL03105
IHALL03204_IHALL03104,IHALL03204,IHALL03104
IHALL01703_IHALL01603,IHALL01703,IHALL01603
IDEPT00105_IHALL00405,IDEPT00105,IHALL00405
BadSol35_IWALK01201,BadSol35,IWALK01201
BadSol36_IWALK01201,BadSol36,IWALK01201
BadSol37_IWALK01201,BadSol37,IWALK01201
IHALL01704_IHALL01604,IHALL01704,IHALL01604
IDEPT00504_IHALL02304,IDEPT00504,IHALL02304
BadSol38_IWALK01201,BadSol38,IWALK01201
IHALL01701_IHALL01601,IHALL01701,IHALL01601
BadSol31_IWALK01201,BadSol31,IWALK01201
BadSol32_IWALK01201,BadSol32,IWALK01201
IHALL01702_IHALL01602,IHALL01702,IHALL01602
BadSol33_IWALK01201,BadSol33,IWALK01201
BadSol34_IWALK01201,BadSol34,IWALK01201
IHALL01705_IHALL01605,IHALL01705,IHALL01605
BadSol39_IWALK01201,BadSol39,IWALK01201
IDEPT01205_IHALL02805,IDEPT01205,IHALL02805
IDEPT01405_IHALL02605,IDEPT01405,IHALL02605
IDEPT00701_IHALL01001,IDEPT00701,IHALL01001
IPARK01801_IWALK00101,IPARK01801,IWALK00101
IPARK00701_IWALK01201,IPARK00701,IWALK01201
IWALK01201_BadSol24,IWALK01201,BadSol24
IWALK01201_BadSol25,IWALK01201,BadSol25
IWALK01201_BadSol26,IWALK01201,BadSol26
IWALK01201_BadSol27,IWALK01201,BadSol27
IWALK01201_BadSol20,IWALK01201,BadSol20
IWALK01201_BadSol21,IWALK01201,BadSol21
IWALK01201_BadSol22,IWALK01201,BadSol22
IHALL01902_IHALL02502,IHALL01902,IHALL02502
IWALK01201_BadSol23,IWALK01201,BadSol23
IWALK00701_IWALK00801,IWALK00701,IWALK00801
IHALL02101_ILAB00201,IHALL02101,ILAB00201
BadSol28_IWALK01201,BadSol28,IWALK01201
BadSol29_IWALK01201,BadSol29,IWALK01201
IDEPT00905_IHALL02005,IDEPT00905,IHALL02005
IHALL01805_IDEPT01105,IHALL01805,IDEPT01105
PHALL00101_BadSol4,PHALL00101,BadSol4
IHALL01601_IHALL01401,IHALL01601,IHALL01401
IWALK01201_BadSol50,IWALK01201,BadSol50
IWALK01201_BadSol51,IWALK01201,BadSol51
IWALK01201_BadSol52,IWALK01201,BadSol52
IHALL00402_IHALL00302,IHALL00402,IHALL00302
BadSol40_BadSol40,BadSol40,BadSol40
IHALL03604_IREST00204,IHALL03604,IREST00204
IPARK02601_IWALK00101,IPARK02601,IWALK00101
BadSol41_BadSol41,BadSol41,BadSol41
IHALL00404_IHALL00304,IHALL00404,IHALL00304
IHALL02704_IHALL02604,IHALL02704,IHALL02604
IHALL00604_IDEPT02304,IHALL00604,IDEPT02304
IHALL00303_IHALL00403,IHALL00303,IHALL00403
IWALK01201_BadSol53,IWALK01201,BadSol53
IHALL01403_IHALL01603,IHALL01403,IHALL01603
IDEPT00203_IHALL00403,IDEPT00203,IHALL00403
IWALK01201_BadSol54,IWALK01201,BadSol54
IWALK01201_BadSol55,IWALK01201,BadSol55
IDEPT00302_IHALL00302,IDEPT00302,IHALL00302
IHALL00405_IHALL00305,IHALL00405,IHALL00305
BadSol46_BadSol46,BadSol46,BadSol46
BadSol47_BadSol47,BadSol47,BadSol47
BadSol48_BadSol48,BadSol48,BadSol48
IHALL01503_ICONF00103,IHALL01503,ICONF00103
IHALL02705_ISTAI00405,IHALL02705,ISTAI00405
IHALL01405_IDEPT00405,IHALL01405,IDEPT00405
BadSol42_BadSol42,BadSol42,BadSol42
BadSol43_BadSol43,BadSol43,BadSol43
BadSol44_BadSol44,BadSol44,BadSol44
BadSol45_BadSol45,BadSol45,BadSol45
IWALK01201_BadSol40,IWALK01201,BadSol40
IWALK01201_BadSol41,IWALK01201,BadSol41
IELEV00305_IHALL02505,IELEV00305,IHALL02505
IPARK01501_IWALK00101,IPARK01501,IWALK00101
IPARK00401_IWALK01201,IPARK00401,IWALK01201
ISERV00503_IHALL02303,ISERV00503,IHALL02303
IWALK01201_BadSol46,IWALK01201,BadSol46
IDEPT00204_IHALL03904,IDEPT00204,IHALL03904
BadSol39_BadSol39,BadSol39,BadSol39
IWALK01201_BadSol47,IWALK01201,BadSol47
IWALK01201_BadSol48,IWALK01201,BadSol48
IWALK01201_BadSol49,IWALK01201,BadSol49
IELEV00301_IHALL02501,IELEV00301,IHALL02501
IELEV00201_IHALL02601,IELEV00201,IHALL02601
IWALK01201_BadSol42,IWALK01201,BadSol42
IWALK01201_BadSol43,IWALK01201,BadSol43
IWALK01201_BadSol44,IWALK01201,BadSol44
IWALK01201_BadSol45,IWALK01201,BadSol45
ISTAI00103_IHALL01903,ISTAI00103,IHALL01903
IHALL03405_IDEPT01905,IHALL03405,IDEPT01905
IPARK02701_IWALK00101,IPARK02701,IWALK00101
IHALL03005_IHALL03105,IHALL03005,IHALL03105
BadSol30_BadSol30,BadSol30,BadSol30
IHALL03804_IHALL03904,IHALL03804,IHALL03904
IHALL01504_IDEPT01504,IHALL01504,IDEPT01504
IHALL01504_IHALL01604,IHALL01504,IHALL01604
IDEPT00604_IHALL02404,IDEPT00604,IHALL02404
IHALL01505_IHALL01605,IHALL01505,IHALL01605
IHALL01502_IHALL01602,IHALL01502,IHALL01602
BadSol35_BadSol35,BadSol35,BadSol35
IHALL03804_ICONF00204,IHALL03804,ICONF00204
BadSol36_BadSol36,BadSol36,BadSol36
IHALL02705_IDEPT01505,IHALL02705,IDEPT01505
BadSol37_BadSol37,BadSol37,BadSol37
BadSol38_BadSol38,BadSol38,BadSol38
BadSol31_BadSol31,BadSol31,BadSol31
BadSol32_BadSol32,BadSol32,BadSol32
IHALL03004_ISERV00804,IHALL03004,ISERV00804
BadSol33_BadSol33,BadSol33,BadSol33
BadSol34_BadSol34,BadSol34,BadSol34
IHALL00401_IREST00101,IHALL00401,IREST00101
IHALL01001_IHALL00901,IHALL01001,IHALL00901
IHALL01002_IHALL00902,IHALL01002,IHALL00902
IHALL01704_ISERV01004,IHALL01704,ISERV01004
ISERV00403_IHALL02303,ISERV00403,IHALL02303
IPARK01601_IWALK00101,IPARK01601,IWALK00101
IWALK01201_IPARK00501,IWALK01201,IPARK00501
IHALL00202_ISERV00202,IHALL00202,ISERV00202
IHALL01005_IHALL00905,IHALL01005,IHALL00905
BadSol28_BadSol28,BadSol28,BadSol28
BadSol29_BadSol29,BadSol29,BadSol29
IHALL01003_IHALL00903,IHALL01003,IHALL00903
IREST00103_IHALL00403,IREST00103,IHALL00403
IHALL01004_IHALL00904,IHALL01004,IHALL00904
IHALL00605_IDEPT00205,IHALL00605,IDEPT00205
IDEPT00704_IHALL02404,IDEPT00704,IHALL02404
IWALK00401_IWALK00501,IWALK00401,IWALK00501
IHALL00201_IHALL00301,IHALL00201,IHALL00301
IHALL02501_IHALL02601,IHALL02501,IHALL02601
IHALL00303_IHALL00203,IHALL00303,IHALL00203
IHALL00202_IHALL00302,IHALL00202,IHALL00302
IHALL02305_IHALL02805,IHALL02305,IHALL02805
IHALL00205_IHALL00305,IHALL00205,IHALL00305
IHALL02505_IHALL02605,IHALL02505,IHALL02605
IDEPT00303_IHALL00503,IDEPT00303,IHALL00503
IDEPT00502_IHALL02602,IDEPT00502,IHALL02602
IHALL00204_IHALL00304,IHALL00204,IHALL00304
IHALL00402_IDEPT00402,IHALL00402,IDEPT00402
IHALL01204_IREST00104,IHALL01204,IREST00104
IHALL02504_IHALL02604,IHALL02504,IHALL02604
IHALL03504_ISERV00204,IHALL03504,ISERV00204
IWALK01201_IPARK00101,IWALK01201,IPARK00101
IHALL01302_IHALL02602,IHALL01302,IHALL02602
IHALL01902_IHALL02002,IHALL01902,IHALL02002
IHALL02702_IHALL01202,IHALL02702,IHALL01202
IHALL01903_IHALL02003,IHALL01903,IHALL02003
IHALL01901_IHALL02001,IHALL01901,IHALL02001
IHALL01505_ICONF00305,IHALL01505,ICONF00305
ICONF00405_IHALL01405,ICONF00405,IHALL01405
IREST00304_IHALL02204,IREST00304,IHALL02204
IHALL01904_IHALL02004,IHALL01904,IHALL02004
IHALL01905_IHALL02005,IHALL01905,IHALL02005
ISTAI00304_IHALL01904,ISTAI00304,IHALL01904
IDEPT02404_IHALL00804,IDEPT02404,IHALL00804
IPARK02401_IWALK00101,IPARK02401,IWALK00101
IHALL01501_IHALL01401,IHALL01501,IHALL01401
IHALL00201_IHALL00401,IHALL00201,IHALL00401
IHALL01502_IHALL01402,IHALL01502,IHALL01402
BadSol50_BadSol50,BadSol50,BadSol50
BadSol51_BadSol51,BadSol51,BadSol51
IHALL03405_IREST00305,IHALL03405,IREST00305
IWALK00101_IPARK02501,IWALK00101,IPARK02501
BadSol52_BadSol52,BadSol52,BadSol52
IHALL01505_IHALL01405,IHALL01505,IHALL01405
IWALK00801_BadSol5,IWALK00801,BadSol5
IHALL01305_IREST00105,IHALL01305,IREST00105
IHALL03804_IHALL03704,IHALL03804,IHALL03704
IDEPT00401_IHALL00501,IDEPT00401,IHALL00501
IHALL01403_IHALL01503,IHALL01403,IHALL01503
IHALL01504_IHALL01404,IHALL01504,IHALL01404
IDEPT00505_IHALL01605,IDEPT00505,IHALL01605
BadSol53_BadSol53,BadSol53,BadSol53
IHALL03004_ISERV00604,IHALL03004,ISERV00604
IPARK00201_IWALK01201,IPARK00201,IWALK01201
IWALK00101_IPARK01301,IWALK00101,IPARK01301
BadSol54_BadSol54,BadSol54,BadSol54
BadSol55_BadSol55,BadSol55,BadSol55
IHALL01302_IHALL02702,IHALL01302,IHALL02702
IPARK01401_IWALK00101,IPARK01401,IWALK00101
IPARK00301_IWALK01201,IPARK00301,IWALK01201
IHALL01101_IHALL00601,IHALL01101,IHALL00601
IHALL02905_IELEV00205,IHALL02905,IELEV00205
ISTAI00103_ISTAI00102,ISTAI00103,ISTAI00102
ISTAI00101_ISTAI00102,ISTAI00101,ISTAI00102
IHALL01901_IDEPT00201,IHALL01901,IDEPT00201
ISTAI00105_ISTAI00104,ISTAI00105,ISTAI00104
ILAB00101_IHALL00301,ILAB00101,IHALL00301
IHALL01504_IDEPT01804,IHALL01504,IDEPT01804
IHALL02504_IDEPT00804,IHALL02504,IDEPT00804
IHALL01604_IDEPT01704,IHALL01604,IDEPT01704
IHALL01404_IDEPT01904,IHALL01404,IDEPT01904
IWALK00501_IWALK00601,IWALK00501,IWALK00601
ParkIconValet_IEXIT00101,ParkIconValet,IEXIT00101
ParkIconFaulkN_IWALK01201,ParkIconFaulkN,IWALK01201
ParkIconFaulkW_IWALK00101,ParkIconFaulkW,IWALK00101
